employee_id,agent_name,office_id,team_id,hire_date
1,Chris Miller,1,5,2020-01-10
2,Dakota Davis,1,5,2020-01-10
3,Sophia Garcia,1,7,2020-01-10
4,Sophia Smith,1,1,2020-01-10
5,Lucas Davis,1,3,2020-01-10
6,Riley Walker,1,7,2020-01-10
7,Jordan Wilson,1,6,2020-01-10
8,Alex Martin,1,5,2020-01-10
9,Morgan Jackson,1,3,2020-01-10
10,Isabella Garcia,1,4,2020-01-10
11,Aiden Rodriguez,1,1,2020-01-10
12,Jordan Lee,1,3,2020-01-10
13,Sam Martin,1,4,2020-01-10
14,Isabella Clark,1,5,2020-01-10
15,Jordan Garcia,1,1,2020-01-10
16,Morgan Rodriguez,1,7,2020-01-10
17,Olivia Lee,1,2,2020-01-10
18,Noah Smith,1,3,2020-01-10
19,Sophia Harris,1,1,2020-01-10
20,Chris Thomas,1,8,2020-01-10
21,Isabella Davis,1,7,2020-01-10
22,Lucas Garcia,1,2,2020-01-10
23,Mason Taylor,1,4,2020-01-10
24,Casey Garcia,1,1,2020-01-10
25,Noah Garcia,1,6,2020-01-10
26,Liam Miller,1,1,2020-01-10
27,Liam Taylor,1,1,2020-01-10
28,Aiden Wilson,1,7,2020-01-10
29,Lucas Lee,1,1,2020-01-10
30,Noah Brown,1,7,2020-01-10
31,Alex Clark,1,2,2020-01-10
32,Emma Anderson,1,4,2020-01-10
33,Sam Rodriguez,1,5,2020-01-10
34,Dakota Walker,1,4,2020-01-10
35,Ava Lewis,1,1,2020-01-10
36,Lucas Smith,1,1,2020-01-10
37,Mason Martin,1,2,2020-01-10
38,Ava Anderson,1,6,2020-01-10
39,Noah Taylor,1,7,2020-01-10
40,Olivia Wilson,1,4,2020-01-10
41,Aiden Rodriguez,1,3,2020-01-10
42,Riley Clark,1,6,2020-01-10
43,Sophia White,1,5,2020-01-10
44,Olivia Harris,1,2,2020-01-10
45,Emma Taylor,1,4,2020-01-10
46,Liam Miller,1,8,2020-01-10
47,Lucas Brown,1,8,2020-01-10
48,Aiden Lee,1,1,2020-01-10
49,Morgan Anderson,1,1,2020-01-10
50,Aiden Wilson,1,4,2020-01-10
51,Liam Martin,2,8,2020-01-10
52,Ava Taylor,2,2,2020-01-10
53,Aiden White,2,1,2020-01-10
54,Ava Jackson,2,1,2020-01-10
55,Olivia Wilson,2,6,2020-01-10
56,Dakota Thomas,2,2,2020-01-10
57,Noah Martin,2,2,2020-01-10
58,Noah Walker,2,3,2020-01-10
59,Olivia Smith,2,4,2020-01-10
60,Chris Thomas,2,4,2020-01-10
61,Pat Brown,2,8,2020-01-10
62,Morgan Rodriguez,2,5,2020-01-10
63,Pat Martinez,2,4,2020-01-10
64,Riley Wilson,2,5,2020-01-10
65,Casey Clark,2,4,2020-01-10
66,Morgan Martin,2,2,2020-01-10
67,Riley Smith,2,1,2020-01-10
68,Mason Thomas,2,4,2020-01-10
69,Sam Thomas,2,3,2020-01-10
70,Olivia Wilson,2,6,2020-01-10
71,Alex Jones,2,6,2020-01-10
72,Aiden Brown,2,4,2020-01-10
73,Noah Harris,2,5,2020-01-10
74,Ava Anderson,2,3,2020-01-10
75,Lucas Brown,2,1,2020-01-10
76,Sophia Lee,2,1,2020-01-10
77,Sophia White,2,8,2020-01-10
78,Casey Davis,2,8,2020-01-10
79,Chris Garcia,2,6,2020-01-10
80,Sophia Garcia,2,8,2020-01-10
81,Pat Smith,2,2,2020-01-10
82,Taylor Thomas,2,1,2020-01-10
83,Olivia Brown,2,5,2020-01-10
84,Dakota Davis,2,5,2020-01-10
85,Taylor Brown,2,4,2020-01-10
86,Dakota Martin,2,2,2020-01-10
87,Dakota White,2,6,2020-01-10
88,Emma Wilson,2,6,2020-01-10
89,Morgan Rodriguez,2,6,2020-01-10
90,Olivia Lee,2,6,2020-01-10
91,Aiden White,2,5,2020-01-10
92,Isabella Miller,2,8,2020-01-10
93,Aiden Anderson,2,5,2020-01-10
94,Liam Jones,2,7,2020-01-10
95,Liam Brown,2,7,2020-01-10
96,Emma Thomas,2,5,2020-01-10
97,Emma Lewis,2,8,2020-01-10
98,Sophia Lee,2,6,2020-01-10
99,Sam Harris,2,1,2020-01-10
100,Aiden Martinez,2,5,2020-01-10
101,Lucas Clark,3,5,2020-01-10
102,Alex Davis,3,3,2020-01-10
103,Dakota Davis,3,1,2020-01-10
104,Emma Anderson,3,5,2020-01-10
105,Chris Lewis,3,2,2020-01-10
106,Ava Anderson,3,2,2020-01-10
107,Liam Jackson,3,5,2020-01-10
108,Dakota Lee,3,1,2020-01-10
109,Taylor Martinez,3,4,2020-01-10
110,Emma Miller,3,5,2020-01-10
111,Emma Jones,3,7,2020-01-10
112,Alex Wilson,3,7,2020-01-10
113,Taylor Miller,3,6,2020-01-10
114,Liam Taylor,3,2,2020-01-10
115,Noah Jones,3,7,2020-01-10
116,Ava Anderson,3,8,2020-01-10
117,Casey Lewis,3,2,2020-01-10
118,Taylor Thomas,3,2,2020-01-10
119,Ava Jackson,3,2,2020-01-10
120,Emma Clark,3,7,2020-01-10
121,Olivia Lewis,3,4,2020-01-10
122,Aiden Rodriguez,3,1,2020-01-10
123,Morgan White,3,8,2020-01-10
124,Sam Harris,3,5,2020-01-10
125,Pat Lewis,3,2,2020-01-10
126,Aiden Taylor,3,7,2020-01-10
127,Dakota Clark,3,5,2020-01-10
128,Chris Taylor,3,2,2020-01-10
129,Lucas Lee,3,1,2020-01-10
130,Dakota Taylor,3,2,2020-01-10
131,Aiden Thomas,3,5,2020-01-10
132,Morgan Walker,3,1,2020-01-10
133,Noah Rodriguez,3,3,2020-01-10
134,Chris Walker,3,7,2020-01-10
135,Liam Walker,3,8,2020-01-10
136,Noah Lewis,3,7,2020-01-10
137,Lucas Brown,3,7,2020-01-10
138,Sophia Harris,3,5,2020-01-10
139,Riley Martin,3,3,2020-01-10
140,Chris Davis,3,6,2020-01-10
141,Casey Martinez,3,8,2020-01-10
142,Sophia Rodriguez,3,1,2020-01-10
143,Emma Martinez,3,5,2020-01-10
144,Sam Jackson,3,4,2020-01-10
145,Mason Wilson,3,8,2020-01-10
146,Sophia Brown,3,6,2020-01-10
147,Taylor Smith,3,4,2020-01-10
148,Dakota Wilson,3,7,2020-01-10
149,Lucas Anderson,3,7,2020-01-10
150,Dakota Thomas,3,1,2020-01-10
151,Lucas Miller,4,4,2020-01-10
152,Aiden Miller,4,3,2020-01-10
153,Riley Wilson,4,2,2020-01-10
154,Noah Taylor,4,7,2020-01-10
155,Morgan Martin,4,5,2020-01-10
156,Emma Clark,4,4,2020-01-10
157,Noah Harris,4,6,2020-01-10
158,Isabella Harris,4,1,2020-01-10
159,Pat Taylor,4,6,2020-01-10
160,Lucas Garcia,4,5,2020-01-10
161,Liam Thomas,4,8,2020-01-10
162,Morgan Martin,4,2,2020-01-10
163,Mason Garcia,4,5,2020-01-10
164,Ava Lewis,4,7,2020-01-10
165,Riley Miller,4,6,2020-01-10
166,Taylor Harris,4,7,2020-01-10
167,Sam Lee,4,1,2020-01-10
168,Isabella Rodriguez,4,2,2020-01-10
169,Mason Wilson,4,6,2020-01-10
170,Pat White,4,5,2020-01-10
171,Sam Walker,4,5,2020-01-10
172,Emma Lewis,4,1,2020-01-10
173,Casey Martin,4,6,2020-01-10
174,Olivia Lee,4,3,2020-01-10
175,Noah Smith,4,7,2020-01-10
176,Noah Miller,4,4,2020-01-10
177,Lucas Wilson,4,8,2020-01-10
178,Lucas Brown,4,2,2020-01-10
179,Taylor Martinez,4,4,2020-01-10
180,Aiden Martinez,4,6,2020-01-10
181,Sam Garcia,4,8,2020-01-10
182,Isabella Miller,4,6,2020-01-10
183,Aiden Anderson,4,8,2020-01-10
184,Pat White,4,8,2020-01-10
185,Olivia Jackson,4,5,2020-01-10
186,Liam Lee,4,4,2020-01-10
187,Aiden Garcia,4,3,2020-01-10
188,Noah Davis,4,3,2020-01-10
189,Mason Martin,4,5,2020-01-10
190,Sophia Miller,4,1,2020-01-10
191,Sophia Rodriguez,4,8,2020-01-10
192,Pat Smith,4,7,2020-01-10
193,Olivia Martinez,4,1,2020-01-10
194,Pat Smith,4,2,2020-01-10
195,Isabella Jones,4,5,2020-01-10
196,Morgan Miller,4,1,2020-01-10
197,Sam Walker,4,3,2020-01-10
198,Emma Miller,4,6,2020-01-10
199,Sam Davis,4,2,2020-01-10
200,Liam Wilson,4,7,2020-01-10
201,Alex Jones,5,4,2020-01-10
202,Mason Lewis,5,6,2020-01-10
203,Emma Anderson,5,4,2020-01-10
204,Riley White,5,8,2020-01-10
205,Chris Jones,5,6,2020-01-10
206,Noah Jackson,5,6,2020-01-10
207,Pat Miller,5,2,2020-01-10
208,Jordan Taylor,5,2,2020-01-10
209,Jordan Miller,5,3,2020-01-10
210,Casey Lewis,5,5,2020-01-10
211,Ava Martinez,5,3,2020-01-10
212,Aiden Taylor,5,1,2020-01-10
213,Aiden Jones,5,4,2020-01-10
214,Isabella Jones,5,6,2020-01-10
215,Isabella Lewis,5,8,2020-01-10
216,Alex Lee,5,1,2020-01-10
217,Isabella Jones,5,6,2020-01-10
218,Olivia Brown,5,6,2020-01-10
219,Lucas Harris,5,6,2020-01-10
220,Dakota Jackson,5,2,2020-01-10
221,Riley Anderson,5,1,2020-01-10
222,Sam Wilson,5,6,2020-01-10
223,Jordan Harris,5,4,2020-01-10
224,Sophia Martin,5,7,2020-01-10
225,Isabella Miller,5,7,2020-01-10
226,Emma Jones,5,4,2020-01-10
227,Mason Lee,5,6,2020-01-10
228,Emma Thomas,5,6,2020-01-10
229,Alex Lee,5,3,2020-01-10
230,Ava Davis,5,2,2020-01-10
231,Chris Brown,5,7,2020-01-10
232,Chris Lee,5,6,2020-01-10
233,Emma Brown,5,2,2020-01-10
234,Olivia Rodriguez,5,4,2020-01-10
235,Isabella Martinez,5,1,2020-01-10
236,Aiden Lee,5,4,2020-01-10
237,Isabella Smith,5,2,2020-01-10
238,Dakota Davis,5,7,2020-01-10
239,Olivia Jones,5,8,2020-01-10
240,Isabella Davis,5,1,2020-01-10
241,Emma Jackson,5,1,2020-01-10
242,Alex Lewis,5,6,2020-01-10
243,Casey Wilson,5,6,2020-01-10
244,Riley Walker,5,1,2020-01-10
245,Noah Brown,5,5,2020-01-10
246,Morgan Smith,5,1,2020-01-10
247,Sam Martinez,5,6,2020-01-10
248,Ava Rodriguez,5,8,2020-01-10
249,Casey Martin,5,7,2020-01-10
250,Emma Lee,5,2,2020-01-10
